Model,Accuracy,Precision,Recall,F1-score,ROC-AUC
Logistic Regression,0.7416666666666667,0.6875,0.5116279069767442,0.5866666666666667,0.6908788885533071
Random Forest,0.7166666666666667,0.6,0.627906976744186,0.6136363636363636,0.6970703714889762
Gradient Boosting,0.75,0.6444444444444445,0.6744186046511628,0.6590909090909091,0.7333131984294774
SVM,0.6666666666666666,0.5789473684210527,0.2558139534883721,0.3548387096774194,0.5759589247961341
K-Nearest Neighbors,0.625,0.475,0.4418604651162791,0.4578313253012048,0.5845665961945031
Decision Tree,0.7083333333333334,0.6111111111111112,0.5116279069767442,0.5569620253164557,0.6649048625792812
